t,X,Y,Z
0.0,0.5,0.5,0.5
0.1,0.57126027,0.47783875740191667,0.49530278785416665
0.2,0.6444812745973001,0.46066756816745696,0.48141673869848534
0.30000000000000004,0.7188204519456826,0.44736542407542784,0.4586317873671099
0.4,0.7934288456622214,0.43670357432475876,0.42720478879898466
0.5,0.8674469913803025,0.42736404236333975,0.38735047502256686
0.6,0.9399998350099681,0.4179614188603476,0.339234895308942
0.7,1.0101909166173502,0.40706742028542664,0.28297172324489017
0.7999999999999999,1.0770960994716758,0.39323817055784105,0.21862176111111548
0.8999999999999999,1.139757167997125,0.3750446184600573,0.1461959605190417
0.9999999999999999,1.1971756652168077,0.3511069187065603,0.06566230605977989
1.0999999999999999,1.2483073936288982,0.32013395121096355,-0.023043030115496965
1.2,1.2920580665409374,0.2809693978772658,-0.11999976961469873
1.3,1.3272806719255312,0.23264589662593346,-0.22528225583212985
1.4000000000000001,1.3527751985537546,0.17444869202109575,-0.3389321510667028
1.5000000000000002,1.367291473056528,0.10598982672313693,-0.46092436911529416
1.6000000000000003,1.3695359622149241,0.02729317431472604,-0.5911255190863719
1.7000000000000004,1.35818349872429,-0.06111060948105612,-0.7292442534903743
1.8000000000000005,1.3318949772265452,-0.15808196347145143,-0.8747731920957602
1.9000000000000006,1.2893421203681898,-0.2617684037378334,-1.026922595739997
2.0000000000000004,1.229240404181477,-0.3695071940828693,-1.18454676096189
2.1000000000000005,1.1503911220941474,-0.4777473237697502,-1.346065265324027
2.2000000000000006,1.0517333134361426,-0.5820079723767377,-1.5093827672050661
2.3000000000000007,0.9324058360778891,-0.6768952439285045,-1.6718130667430033
2.400000000000001,0.7918191742634217,-0.756202752583272,-1.830015510093832
2.500000000000001,0.6297356012189815,-0.8131233617954334,-1.9799544004283964
2.600000000000001,0.4463550439146069,-0.8405973126439903,-2.11689454650054
2.700000000000001,0.24240244775139305,-0.8318141450656475,-2.2354479272814314
2.800000000000001,0.019210697697306933,-0.7808703382674475,-2.329686981214318
2.9000000000000012,-0.22120861200480893,-0.6835603422795851,-2.3933383987000676
3.0000000000000013,-0.47611579129390247,-0.5382461575486615,-2.4200666467167644
3.1000000000000014,-0.742025211957327,-0.3467129945758324,-2.403848131969947
3.2000000000000015,-1.0147290935901125,-0.11488232308053867,-2.339424779044718
3.3000000000000016,-1.28937151741283,0.1467713802416115,-2.2228105915315366
3.4000000000000017,-1.5605780880023516,0.42325591233410453,-2.0518083377419223
3.5000000000000018,-1.822641739574905,0.6956728003121332,-1.8264788881635106
3.600000000000002,-2.0697588208981883,0.9424586440614419,-1.5494967799644614
3.700000000000002,-2.2963025106655315,1.1412053346560267,-1.226326158985441
3.800000000000002,-2.4971139083289446,1.2708860410040987,-0.865164056674411
3.900000000000002,-2.667786117934546,1.3142021645071773,-0.4766233139010993
4.000000000000002,-2.804914525098301,1.2596974020194682,-0.07316247866417797
4.100000000000001,-2.9062880822511326,1.1032850516038082,0.3316913361721421
4.200000000000001,-2.971001893531115,0.8489137858368742,0.7242463096842862
4.300000000000001,-2.9994800367556906,0.5082427610075619,1.0915739708873564
4.4,-2.993407963426165,0.09937571330740097,1.422354283778491
4.5,-2.955584161772902,-0.35512877520763286,1.7075446647941173
4.6,-2.8897092723103857,-0.830638298755435,1.9408093005074751
4.699999999999999,-2.8001361921652093,-1.3028475952122218,2.118683112967512
4.799999999999999,-2.691606313235111,-1.7498672874993244,2.240482947596142
4.899999999999999,-2.568995120604128,-2.153766000063424,2.3080096952452807
4.999999999999998,-2.4370857743518437,-2.5014565540958866,2.3251044428558734
5.099999999999998,-2.3003831937097607,-2.784937380775166,2.29712806839399
5.1999999999999975,-2.162974765786846,-3.000992330440907,2.230428612221693
5.299999999999997,-2.0284380948858223,-3.150504479288095,2.1318477980397645
5.399999999999997,-1.8997918158815008,-3.237553033993312,2.0083013578174675
5.4999999999999964,-1.7794826615357369,-3.268445826883905,1.8664509824855162
5.599999999999996,-1.66940063395657,-3.2508053870571287,1.7124713388112929
5.699999999999996,-1.5709140182054053,-3.192785805832529,1.5519049915936456
5.799999999999995,-1.4849167345984844,-3.102459313688739,1.3895915152123535
5.899999999999995,-1.4118817970134878,-2.987380727578345,1.2296541085381751
5.999999999999995,-1.3519161230476118,-2.85431654549161,1.0755268084167917
6.099999999999994,-1.304813402776082,-2.70911300453011,0.930007008716615
6.199999999999994,-1.2701030316447173,-2.5566721718060275,0.7953206112774951
6.299999999999994,-1.2470941742570891,-2.401004983619612,0.6731901253643955
6.399999999999993,-1.2349148255324347,-2.245333102790412,0.5648989605842085
6.499999999999993,-1.2325462837760806,-2.0922159539146334,0.4713477705167307
6.5999999999999925,-1.2388537755798381,-1.9436842360710234,0.39310088140223776
6.699999999999992,-1.252614112567284,-1.8013659574881167,0.33042255220207606
6.799999999999992,-1.2725412539665348,-1.666595280747027,0.2833040797561533
6.8999999999999915,-1.2973105341556763,-1.5404981273099223,0.251483628524105
6.999999999999991,-1.3255821247886967,-1.424051603783844,0.23446117652981102
7.099999999999991,-1.3560240675880113,-1.3181169569887163,0.23151117258731818
7.19999999999999,-1.3873349640032566,-1.2234480052488057,0.24169543508891594
7.29999999999999,-1.418266166437758,-1.1406788529334337,0.2638785280714176
7.39999999999999,-1.4476431043874822,-1.070296150553317,0.2967473667905416
7.499999999999989,-1.4743852158040653,-1.0126021544421742,0.3388361797681574
7.599999999999989,-1.4975238529801242,-0.9676752968295396,0.388557242735186
7.699999999999989,-1.5162175014478403,-0.9353348443435555,0.4442370652202697
7.799999999999988,-1.5297636916150932,-0.9151154902422673,0.5041570198351917
7.899999999999988,-1.5376070912506068,-0.9062564458800739,0.5665968225186846
7.999999999999988,-1.5393434311812588,-0.9077078923936475,0.629878854467003
8.099999999999987,-1.5347191200794554,-0.9181557068614205,0.6924111017614111
8.199999999999987,-1.5236266268740475,-0.9360634079071906,0.7527264931586503
8.299999999999986,-1.506095929743278,-0.9597284984057182,0.8095166319092507
8.399999999999986,-1.482282528647956,-0.98734901244377,0.861658312238599
8.499999999999986,-1.4524526771350141,-1.01709523569393,0.9082317350981768
8.599999999999985,-1.4169665969550536,-1.0471813211298173,0.9485299295711392
8.699999999999985,-1.3762604901529958,-1.0759318424488082,0.9820594818926862
8.799999999999985,-1.3308281580397938,-1.1018391214913101,1.0085332151496924
8.899999999999984,-1.28120298054215,-1.1236082893125015,1.027855903512526
8.999999999999984,-1.2279409126565914,-1.1401883263922377,1.0401044160506434
9.099999999999984,-1.1716050293864755,-1.1507886127381477,1.0455038553444955
9.199999999999983,-1.1127520097130295,-1.154881666309578,1.044401290219448
9.299999999999983,-1.051920806270753,-1.1521936613471633,1.0372385980483734
9.399999999999983,-0.9896236110797078,-1.1426849453515528,1.0245257568433666
9.499999999999982,-0.9263391070275877,-1.126523106027257,1.0068156913241653
9.599999999999982,-0.8625078950856309,-1.1040512035901655,0.9846815105627398
9.699999999999982,-0.7985299110611901,-1.0757536290110725,0.9586967044214111
9.799999999999981,-0.7347635932546778,-1.0422217364224788,0.9294186130816423
9.89999999999998,-0.6715265320781263,-1.0041209910101128,0.8973752633906149
9.99999999999998,-0.6090973216219493,-0.9621609290897394,0.8630554861491262
10.09999999999998,-0.5477183377311186,-0.9170687907217436,0.8269020929458899
10.19999999999998,-0.48759918354288934,-0.8695672902527349,0.7893077984919099
10.29999999999998,-0.42892056794963385,-0.8203566569790962,0.7506135203606397
10.399999999999979,-0.37183841177246224,-0.770100815966545,0.7111086665145162
10.499999999999979,-0.31648800778670083,-0.7194173884647774,0.6710330251418142
10.599999999999978,-0.2629880919418861,-0.668871066733799,0.6305798943111972
10.699999999999978,-0.21144471256166603,-0.6189698501606626,0.5899001245198933
10.799999999999978,-0.16195481091709188,-0.5701636073343953,0.5491067900037321
10.899999999999977,-0.11460944971590734,-0.5228444411597619,0.5082802503613254
10.999999999999977,-0.06949664548019491,-0.4773483709055574,0.4674734093177852
11.099999999999977,-0.02670377651239006,-0.43395789755361663,0.4267170199532793
11.199999999999976,0.013680449607694462,-0.39290507992013995,0.3860249238877665
11.299999999999976,0.05156447594337433,-0.3543748134726332,0.3453991448284679
11.399999999999975,0.08685282407956296,-0.31850806785439606,0.30483478412182835
11.499999999999975,0.11944546631638034,-0.28540490048334716,0.2643246874252462
11.599999999999975,0.14923763608560914,-0.2551271209043384,0.22386386747421416
11.699999999999974,0.17612006929376622,-0.22770053331902326,0.1834536784547401
11.799999999999974,0.19997966886237228,-0.20311673289397822,0.14310574305848098
11.899999999999974,0.22070058461789377,-0.18133447534788788,0.10284563428861934
11.999999999999973,0.23816570044684843,-0.16228067932547047,0.06271631089701038
12.099999999999973,0.2522585198650297,-0.14585115748226044,0.022781298373038113
12.199999999999973,0.262865439468481,-0.13191120510715748,-0.01687240290283111
12.299999999999972,0.2698783967822217,-0.12029620422873456,-0.05613171391153947
12.399999999999972,0.27319787448264815,-0.11081242577462906,-0.09485522473144997
12.499999999999972,0.2727362365723114,-0.10323823126206313,-0.13287135798620547
12.599999999999971,0.26842136362933205,-0.09732588694041967,-0.1699770301766304
12.69999999999997,0.2602005436252173,-0.09280420502724304,-0.20593691073783274
12.79999999999997,0.2480445620083629,-0.0893822160114092,-0.2404833947358379
12.89999999999997,0.23195191993880526,-0.08675405005078778,-0.2733174180023875
12.99999999999997,0.2119530930679615,-0.08460516143876529,-0.30411025134419845
13.09999999999997,0.18811472563521603,-0.08261996559210878,-0.3325064111768956
13.199999999999969,0.16054363669307148,-0.08049087163881226,-0.3581278153218424
13.299999999999969,0.1293904980231421,-0.07792858565880008,-0.38057929259157997
13.399999999999968,0.09485302806992255,-0.07467343238022647,-0.3994555212457312
13.499999999999968,0.057178534527751367,-0.07050730191977982,-0.4143494230150619
13.599999999999968,0.016665631764506576,-0.06526568152241301,-0.42486197560744476
13.699999999999967,-0.026335040182475684,-0.05884909219615478,-0.4306133280674554
13.799999999999967,-0.07142125905148614,-0.0512331318077366,-0.4312550122393076
13.899999999999967,-0.1181409708521407,-0.04247624706579214,-0.4264829438586606
13.999999999999966,-0.1659954614561978,-0.032724335111307255,-0.41605080437585534
14.099999999999966,-0.21444402124860365,-0.022211327997956706,-0.39978329723913925
14.199999999999966,-0.26291012171352257,-0.011255052909531922,-0.3775886892855972
14.299999999999965,-0.31078906024551956,-0.0002478932203373897,-0.34946998918936634
14.399999999999965,-0.3574569600091725,0.010357903606175127,-0.3155340905861874
14.499999999999964,-0.40228093900363554,0.020070031531055167,-0.2759982262196489
14.599999999999964,-0.4446301912202592,0.02838036656379858,-0.23119314731705495
14.699999999999964,-0.4838876581310465,0.034792519981554845,-0.18156256160818196
14.799999999999963,-0.5194619161311128,0.03885117866742997,-0.127658531280401
14.899999999999963,-0.5507988700741969,0.04017139482856605,-0.07013274065231015
14.999999999999963,-0.5773928288951496,0.038465811134551636,-0.009723779110939267
15.099999999999962,-0.5987965492940034,0.03356780130935938,0.052759169826200394
15.199999999999962,-0.6146298684980702,0.02544868711870677,0.1164556080922668
15.299999999999962,-0.6245866060531642,0.01422755551005092,0.18047514373482804
15.399999999999961,-0.6284394941278754,0.00017271648018282564,0.2439200740368219
15.499999999999961,-0.626042990753419,-0.016305535337455754,0.3059080676128544
15.59999999999996,-0.6173339341390408,-0.03467052744777027,0.36559387206424776
15.69999999999996,-0.6023301012823845,-0.05428221868899613,0.4221890400674181
15.79999999999996,-0.5811268330713317,-0.07442609999044607,0.47497880298094686
15.89999999999996,-0.5538919741784226,-0.0943460780204332,0.5233354140853288
15.99999999999996,-0.5208594438471137,-0.11327921715454259,0.5667275152132357
16.09999999999996,-0.4823217995254942,-0.13049019309314439,0.6047253297772055
16.19999999999996,-0.43862217761312927,-0.14530347196966245,0.6370017307621405
16.29999999999996,-0.39014599476559125,-0.15713154095949564,0.6633294549159043
16.399999999999963,-0.3373127714521225,-0.16549793532449902,0.6835749189188004
16.499999999999964,-0.28056840037528813,-0.17005428083384846,0.6976892297013602
16.599999999999966,-0.22037813041497636,-0.1705910483261075,0.7056970648803059
16.699999999999967,-0.15722047679040216,-0.1670421540633521,0.707684131380003
16.79999999999997,-0.09158220485322617,-0.15948390147325164,0.7037838960319657
16.89999999999997,-0.023954472517072334,-0.14812902571971934,0.694164229843042
16.99999999999997,0.045169841827938095,-0.13331676401363332,0.6790145280833485
17.099999999999973,0.1152976505536728,-0.11549993469392969,0.6585337722923337
17.199999999999974,0.18593607521663258,-0.0952299785525664,0.6329198980926128
17.299999999999976,0.2565918750062273,-0.07314081389586406,0.6023607333161615
17.399999999999977,0.32677001460284666,-0.049932202266571066,0.5670266814955783
17.49999999999998,0.3959715200539777,-0.026353134504313105,0.5270652512937343
17.59999999999998,0.46369078457987667,-0.0031855450579888235,0.4825974759431839
17.69999999999998,0.5294124952689274,0.01877153845969201,0.4337162294109077
17.799999999999983,0.5926083581890582,0.038717491351221996,0.38048642741084837
17.899999999999984,0.652733805265087,0.05586547989647074,0.3229470999228617
17.999999999999986,0.7092248729447312,0.06945812367378568,0.26111533492391936
18.099999999999987,0.7614954515467453,0.0787839148273989,0.19499211718255222
18.19999999999999,0.8089351162725322,0.08319493595949908,0.12457011709430953
18.29999999999999,0.8509077667728042,0.08212642891800691,0.0498435178110406
18.39999999999999,0.8867513219894013,0.07511871989096564,-0.029180001323416777
18.499999999999993,0.9157787402114388,0.06184189004088346,-0.11246498745849857
18.599999999999994,0.9372806596017265,0.042123380463274705,-0.1999315040460744
18.699999999999996,0.9505299796360551,0.015978417906722876,-0.2914358748854378
18.799999999999997,0.9547887255976788,-0.01635727541777102,-0.3867488341205622
18.9,0.9493175517946093,-0.05439358573678081,-0.4855311494045853
19.0,0.933388238321311,-0.09735273319760263,-0.5873069651522896
19.1,0.9062995131585448,-0.14413928345397042,-0.6914353698240201
19.200000000000003,0.8673964768168262,-0.1933170879129417,-0.7970810364844011
19.300000000000004,0.8160938099308289,-0.2430978348943176,-0.9031852252707998
19.400000000000006,0.7519027939595361,-0.2913468879891076,-1.0084389663569189
19.500000000000007,0.6744619607933456,-0.3356128694358646,-1.1112608442429883
19.60000000000001,0.5835709004041211,-0.3731877820421175,-1.2097824395331713
19.70000000000001,0.47922639347977564,-0.4012040572348513,-1.3018450864063331
19.80000000000001,0.36165960326932506,-0.4167734332817748,-1.3850120745646892
19.900000000000013,0.2313725745290554,-0.41716967920444425,-1.4566006327344034
20.000000000000014,0.08917177988455102,-0.4000526482380852,-1.513737819320696
20.100000000000016,-0.06380402439855376,-0.36372493283770035,-1.553443646447662
20.200000000000017,-0.2260647512028767,-0.30740479622254163,-1.5727432259927
20.30000000000002,-0.39576205880171533,-0.23149082194211285,-1.568807359085319
20.40000000000002,-0.5706977870139495,-0.13778612116279976,-1.5391178122499651
20.50000000000002,-0.748350549446698,-0.029644707246916882,-1.4816497128417423
20.600000000000023,-0.9259224139033225,0.08799821590102079,-1.3950594295373706
20.700000000000024,-1.100406299289371,0.2087449598276639,-1.2788625563610108
20.800000000000026,-1.2686730245974818,0.325023284861709,-1.1335839186155354
20.900000000000027,-1.4275749940321605,0.4285439929785113,-0.9608606352335198
21.00000000000003,-1.5740615013668782,0.5109036618956015,-0.763480849830962
21.10000000000003,-1.7052988555454083,0.5642817107691965,-0.5453451123745587
21.20000000000003,-1.818787259042396,0.5821585001040522,-0.31134440236804417
21.300000000000033,-1.912465869061656,0.5599678936219348,-0.0671577138796269
21.400000000000034,-1.9847979076912254,0.49559788779706965,0.1810182629252923
21.500000000000036,-2.0348290915695095,0.38966823402559714,0.42678608174197624
21.600000000000037,-2.0622148953909067,0.2455427430176713,0.6638834892370636
21.70000000000004,-2.0672149695655304,0.069071186557772,0.8865080479019897
21.80000000000004,-2.0506560218869367,-0.13190577238887782,1.0896015179273624
21.90000000000004,-2.013867237124612,-0.3482229293829918,1.2690703921261897
22.000000000000043,-1.9585944857752624,-0.5701424475199303,1.4219271890873135
22.100000000000044,-1.8869009156201482,-0.788100777770856,1.5463467510759392
22.200000000000045,-1.8010619292689765,-0.9933698740358363,1.641641253905035
22.300000000000047,-1.7034620819004451,-1.1785729329053167,1.708165515320738
22.40000000000005,-1.5965002634045231,-1.3380216520956973,1.7471695516506012
22.50000000000005,-1.4825079092388933,-1.4678690325643484,1.7606178211438113
22.60000000000005,-1.3636831843456545,-1.5660945242506061,1.750994386963366
22.700000000000053,-1.2420423454237595,-1.6323540870308177,1.7211109065902095
22.800000000000054,-1.1193879892928245,-1.6677356801058603,1.673930679817067
22.900000000000055,-0.9972927460676116,-1.6744615619194418,1.6124177506438562
23.000000000000057,-0.8770962119680116,-1.6555743266564016,1.539415921895359
23.10000000000006,-0.7599125179101458,-1.6146359350324349,1.4575589707875491
23.20000000000006,-0.6466458391617774,-1.555460094106544,1.3692106025840758
23.30000000000006,-0.5380112923748342,-1.481889742270363,1.2764308171867362
23.400000000000063,-0.4345589604132433,-1.3976240902753052,1.1809643247647577
23.500000000000064,-0.3366991616877163,-1.306094127967957,1.084246286252985
23.600000000000065,-0.24472748219734447,-1.2103817956286187,0.9874207954686668
23.700000000000067,-0.1588484740223849,-1.113175940438575,0.8913679872663198
23.800000000000068,-0.0791972674975335,-1.0167573996136616,0.796736300292071
23.90000000000007,-0.005858632199702923,-0.9230057033404855,0.7039771270473066
24.00000000000007,0.06111674976959662,-0.8334206326348008,0.6133797666610523
24.100000000000072,0.12169886338820701,-0.7491529214730381,0.5251052065785904
24.200000000000074,0.17586773756060411,-0.6710395534473149,0.43921777255295846
24.300000000000075,0.22360548483195763,-0.5996402336381889,0.35571409395195813
24.400000000000077,0.2648908240096582,-0.5352726360810277,0.27454913717958673
24.500000000000078,0.29969588474952813,-0.4780448984772653,0.19565927433088687
24.60000000000008,0.3279850891160757,-0.4278845501101362,0.1189824904452232
24.70000000000008,0.34971591145036224,-0.38456362533006067,0.04447590488961067
24.800000000000082,0.36484132913925343,-0.3477201513349393,-0.027869196323512993
24.900000000000084,0.37331378869233706,-0.31687652562134416,-0.09801463837794674
25.000000000000085,0.3750905204501416,-0.29145553405091285,-0.16586481368026962
25.100000000000087,0.3701400386437014,-0.2707949193562061,-0.23125825128751648
25.200000000000088,0.35844965951130253,-0.25416150099561563,-0.2939613145736433
25.30000000000009,0.34003385755851695,-0.24076587364359842,-0.3536641266399171
25.40000000000009,0.3149432583307557,-0.22977867102906047,-0.4099789052539651
25.500000000000092,0.2832740355205272,-0.22034926794525284,-0.4624409611047216
25.600000000000094,0.24517744197137242,-0.21162759748980117,-0.5105126662995919
25.700000000000095,0.2008691602423179,-0.2027894748796605,-0.5535907250211046
25.800000000000097,0.1506381119915776,-0.19306543932870715,-0.5910170654338132
25.900000000000098,0.09485432076349173,-0.18177265510850793,-0.6220936119248739
26.0000000000001,0.033975385123747336,-0.16834886763190404,-0.6461010816161377
26.1000000000001,-0.03144890531397936,-0.15238682146571922,-0.6623217737381487
26.200000000000102,-0.10077428284154274,-0.13366696390075067,-0.6700660845121984
26.300000000000104,-0.17326249313867553,-0.1121857474195988,-0.6687021897768319
26.400000000000105,-0.24808495977327544,-0.08817648895190701,-0.6576880070016535
26.500000000000107,-0.32432992408421923,-0.06211963170056069,-0.636604200962545
26.600000000000108,-0.4010132319680901,-0.034739469354370486,-0.6051866656100637
26.70000000000011,-0.47709277150681056,-0.006984993658595531,-0.5633566382725124
26.80000000000011,-0.5514863673916062,0.020006463942654387,-0.5112464248785048
26.900000000000112,-0.6230927207503626,0.044962741586446225,-0.4492186785584334
27.000000000000114,-0.6908147617118575,0.06654579289955026,-0.3778773130244441
27.100000000000115,-0.7535845757040087,0.0834325858370621,-0.29806846576568113
27.200000000000117,-0.8103888936472979,0.0944028080153908,-0.21087045231839768
27.300000000000118,-0.8602940208072385,0.09842691749191645,-0.11757234443114145
27.40000000000012,-0.9024690357678737,0.0947473393897112,-0.019641608927303655
27.50000000000012,-0.9362061305659252,0.08294561785593785,0.08131791416308108
27.600000000000122,-0.9609370883264896,0.06298916628527436,0.18361562409041743
27.700000000000124,-0.97624509955375,0.03525287359361734,0.2855286407343423
27.800000000000125,-0.9818713874160527,0.0005130544276952739,0.38535799937026355
27.900000000000126,-0.977716423322791,-0.04008619220584837,0.48148324182670166
28.000000000000128,-0.9638358393824955,-0.08509155755635575,0.572412218827531
28.10000000000013,-0.9404314550709194,-0.13281909600355396,0.6568233283269234
28.20000000000013,-0.9078381048859687,-0.1814461847276344,0.7335980535185624
28.300000000000132,-0.8665071605390615,-0.22910936800722226,0.8018424564383286
28.400000000000134,-0.8169877716103291,-0.2740005415508097,0.8608971388970734
28.500000000000135,-0.7599068976158853,-0.3144546762130411,0.9103360112145722
28.600000000000136,-0.6959491756941872,-0.34902364579354145,0.9499549317511026
28.700000000000138,-0.6258375724341112,-0.37653247966481496,0.9797518382917921
28.80000000000014,-0.5503156216552424,-0.3961162552318668,0.9999003535528614
28.90000000000014,-0.4701318707309898,-0.4072376444451793,1.0107190054053006
29.000000000000142,-0.38602696500735906,-0.4096866496677528,1.0126381747051574
29.100000000000144,-0.29872360983671187,-0.4035651911057145,1.0061667035622985
29.200000000000145,-0.20891947624025625,-0.38925989457822613,0.9918598077606302
29.300000000000146,-0.11728296870713041,-0.36740668961034234,0.9702895847566265
29.400000000000148,-0.02445165742652511,-0.33885072386693044,0.9420190359535728
29.50000000000015,0.06896690617850228,-0.3046047174895578,0.9075801643364185
29.60000000000015,0.1623923240103185,-0.265808315466836,0.8674563923595725
29.700000000000152,0.2552667943196385,-0.22369033800122035,0.8220692868422284
29.800000000000153,0.3470492245249686,-0.17953515349570337,0.7717693853651217
29.900000000000155,0.4372083620187746,-0.1346537624811422,0.7168307929263906
30.000000000000156,0.525215267837618,-0.09035961967563719,0.6574491538432223
30.100000000000158,0.61053543012102,-0.04794875360003071,0.5937425942545227
30.20000000000016,0.6926207865563446,-0.008683372818234433,0.5257552656645379
30.30000000000016,0.7709019015804496,0.02622213064569772,0.45346319001160107
30.400000000000162,0.8447805282494282,0.05561406751532282,0.3767822024750834
30.500000000000163,0.9136227788907817,0.07841264174426188,0.2955779012333616
30.600000000000165,0.9767531347012233,0.09362692735665423,0.20967763609343681
30.700000000000166,1.0334495434625548,0.10037312428834234,0.11888469327557881
30.800000000000168,1.0829398869589035,0.0978975350599542,0.02299495449385658
30.90000000000017,1.1244001451797074,0.08560557733798446,-0.0781835832811461
31.00000000000017,1.1569546417430099,0.0630979184255511,-0.18480795542155173
31.100000000000172,1.179678821708249,0.030214447622794148,-0.2969735228882241
31.200000000000173,1.1916050849585937,-0.012913759893020085,-0.41468289277699005
31.300000000000175,1.1917322693242867,-0.06580514945040436,-0.5378100267519743
31.400000000000176,1.1790394384657326,-0.12756285892390032,-0.6660592804901868
31.500000000000178,1.152504667608091,-0.196807661887817,-0.7989194366416204
31.60000000000018,1.1111295187884247,-0.2716139074946807,-0.9356132865872582
31.70000000000018,1.0539698351947184,-0.3494559953081438,-1.0750440181785579
31.800000000000182,0.9801733361216948,-0.42717552331968767,-1.2157406052655098
31.900000000000183,0.8890242317386976,-0.5009818981219376,-1.3558055783697402
32.000000000000185,0.779994671590777,-0.5665014833698322,-1.4928699574721906
32.100000000000186,0.6528022680267229,-0.618891658425246,-1.6240616660843434
32.20000000000019,0.5074721820383925,-0.653035617414799,-1.7459952632449987
32.30000000000019,0.34440133091668756,-0.6638303508562386,-1.8547920755223812
32.40000000000019,0.16442121234919402,-0.6465729942278544,-1.946140431977332
32.50000000000019,-0.0311452820814187,-0.5974388319010422,-2.0154052622489016
32.60000000000019,-0.24043873920885875,-0.5140275894488547,-2.0577943346384697
32.700000000000195,-0.4610362497510011,-0.3959342273986121,-2.0685844659108317
32.800000000000196,-0.6899493659029734,-0.24527880266582194,-2.0434049004325403
32.9000000000002,-0.923653361290846,-0.0671113564864263,-1.9785668700839802
33.0000000000002,-1.1581528242546046,0.13040208600343497,-1.8714187712068482
33.1000000000002,-1.3890862256564294,0.33610133158585603,-1.7206967134102995
33.2000000000002,-1.611868698261472,0.5363258885062422,-1.5268322599291066
33.3000000000002,-1.8218680919516959,0.7157993515456293,-1.2921751586040164
33.400000000000205,-2.014604901528873,0.8588599086114547,-1.0210907699806748
33.500000000000206,-2.1859625667611016,0.9509228398054625,-0.7199009790587116
33.60000000000021,-2.3323916721317355,0.9799994639486216,-0.3966535127312941
33.70000000000021,-2.4510904144698986,0.938060630282511,-0.06072595147479165
33.80000000000021,-2.5401448058501654,0.8220348006756169,0.27770610440447924
33.90000000000021,-2.5986154947980005,0.6342758055346123,0.6082866647849816
34.00000000000021,-2.626563428383174,0.382416966189192,0.9211190149243149
34.100000000000215,-2.625013049275922,0.07862943927004462,1.2073598534544696
34.200000000000216,-2.595858294873353,-0.2615995881525772,1.4597073427392044
34.30000000000022,-2.5417222997608597,-0.6209808817388971,1.672738795658259
34.40000000000022,-2.465785576783216,-0.9820090693074239,1.8430757961083764
34.50000000000022,-2.3715991270870704,-1.328411453112809,1.9693779355577294
34.60000000000022,-2.2628984051359406,-1.6462978603216643,2.0521867697177547
34.70000000000022,-2.143431722800099,-1.9249177298347875,2.0936559720861236
34.800000000000225,-2.016813144984035,-2.157002388581492,2.0972106069930145
34.900000000000226,-1.886405914095543,-2.3387313915688224,2.0671782747800345
35.00000000000023,-1.7552385770576486,-2.4694030470548967,2.0084291582999843
35.10000000000023,-1.6259527412773733,-2.550908335731851,1.926052904161075
35.20000000000023,-1.5007790110962542,-2.587107024893792,1.8250899972660586
35.30000000000023,-1.3815362150954815,-2.583190536435709,1.7103256068543453
35.40000000000023,-1.2696484409308948,-2.545094524338758,1.586145945420217
35.500000000000234,-1.1661744736519286,-2.4790008189834722,1.456451506786722
35.600000000000236,-1.0718447783070588,-2.3909474157693182,1.3246181470572371
35.70000000000024,-0.9871019793566453,-2.2865487234814275,1.1934955225147514
35.80000000000024,-0.9121417031450455,-2.170817013257755,1.065432423818448
35.90000000000024,-0.8469515447803243,-2.0480695412690535,0.942319543492282
36.00000000000024,-0.7913467204060133,-1.9219032118089185,0.8256417413031084
36.10000000000024,-0.7450016303006761,-1.7952187776357114,0.7165335876925267
36.200000000000244,-0.7074770755529239,-1.670278389027464,0.6158336348591784
36.300000000000246,-0.6782432476788889,-1.548782952186453,0.5241343498479868
36.40000000000025,-0.6566988633661924,-1.4319586324905542,0.4418258797718362
36.50000000000025,-0.6421869668973449,-1.320644554026182,0.369132793101493
36.60000000000025,-0.6340079925413462,-1.215376099894624,0.30614367104718576
36.70000000000025,-0.631430688248017,-1.1164601339441353,0.25283394324378217
36.80000000000025,-0.633701467327925,-1.0240399532486308,0.2090827107950821
36.900000000000254,-0.6400526902620476,-0.9381488972865082,0.1746845138137619
37.000000000000256,-0.6497102952581071,-0.8587523586639726,0.14935711105181218
37.10000000000026,-0.6619011021535781,-0.7857785363861787,0.13274637057320096
37.20000000000026,-0.6758600164288504,-0.7191387109766847,0.12442934089107877
37.30000000000026,-0.6908372637942385,-0.6587381504685521,0.12391649465306177
37.40000000000026,-0.7061056954874969,-0.6044790095680134,0.13065402130223552
37.50000000000026,-0.7209681238263973,-0.556256777216679,0.1440268986759562
37.600000000000264,-0.734764579893371,-0.5139519633665312,0.16336330315881262
37.700000000000266,-0.7468793330821012,-0.47741878810094307,0.1879407311829348
37.80000000000027,-0.7567474775045477,-0.44647263511572716,0.21699401004157892
37.90000000000027,-0.7638608739884807,-0.42087794733494244,0.24972518280254455
38.00000000000027,-0.7677732386489776,-0.40033807004788435,0.28531507105100545
38.10000000000027,-0.7681041887730766,-0.3844882891190226,0.32293616081972826
38.20000000000027,-0.7645420919122606,-0.37289298055395914,0.3617663310552125
38.300000000000274,-0.7568456115461147,-0.36504740418301823,0.4010028580689847
38.400000000000276,-0.7448438985972148,-0.36038426698075543,0.4398760885254153
38.50000000000028,-0.7284354380938864,-0.3582847832705121,0.4776621790068549
38.60000000000028,-0.7075856199170033,-0.35809360262555434,0.5136943497027442
38.70000000000028,-0.6823231575956612,-0.3591366905522952,0.5473721873624564
38.80000000000028,-0.6527355258881905,-0.3607410533499727,0.57816864947042
38.90000000000028,-0.6189636236177133,-0.36225510820571255,0.6056345568150214
39.000000000000284,-0.5811958911863755,-0.36306851295745346,0.6294005035861691
39.100000000000286,-0.5396621217382122,-0.3626303770108958,0.6491762515825458
39.20000000000029,-0.4946272015051528,-0.3604649571523633,0.6647477982074134
39.30000000000029,-0.44638499979408786,-0.3561841753990486,0.6759724090932646
39.40000000000029,-0.39525260438897974,-0.34949655421625286,0.6827719805513958
39.50000000000029,-0.34156506631983913,-0.3402124219277918,0.685125142567011
39.60000000000029,-0.2856707816294834,-0.32824547597393194,0.6830585303772674
39.700000000000294,-0.22792759951665756,-0.31361098716127916,0.6766376446079112
39.800000000000296,-0.16869970834688852,-0.2964210737113909,0.6659576909390652
39.9000000000003,-0.1083553153846005,-0.2768775654367292,0.6511347457044437
40.0000000000003,-0.047265104102594775,-0.25526301691049064,0.6322975393967842
40.1000000000003,0.014198574557851049,-0.23193041950395638,0.6095800912234471
40.2000000000003,0.07566184318975858,-0.20729211400427766,0.5831153694576815
40.3000000000003,0.13674885514138377,-0.18180832809303699,0.5530300982828005
40.400000000000304,0.19708086520853876,-0.15597566649214673,0.5194407850097233
40.500000000000306,0.25627492056339407,-0.13031577571825598,0.48245100379023853
40.60000000000031,0.31394228523094536,-0.10536429860720707,0.4421499440915599
40.70000000000031,0.36968671589951096,-0.08166013310634178,0.3986122142220039
40.80000000000031,0.42310271014752904,-0.05973492086505053,0.35189888136308983
40.90000000000031,0.473773851107597,-0.04010261822055208,0.3020597285505387
41.00000000000031,0.5212713758668372,-0.02324894871706772,0.24913671407394297
41.100000000000314,0.5651530990439401,-0.009620505270648625,0.19316862767294835
41.200000000000315,0.604962828295325,0.00038673560604962284,0.1341969482059953
41.30000000000032,0.6402304150357274,0.006439702280844097,0.07227291634530766
41.40000000000032,0.6704725911605842,0.008281478858375265,0.007465840162622903
41.50000000000032,0.6951947504278614,0.0057455863992885905,-0.060127352294717606
41.60000000000032,0.7138938403927064,-0.001228770590868759,-0.1303713150663352
41.70000000000032,0.7260625359306676,-0.012580736632469353,-0.20308027454542127
41.800000000000324,0.7311948664685864,-0.028111589761216332,-0.27800489415746044
41.900000000000325,0.7287934635577447,-0.04746903074457763,-0.35481817753584677
42.00000000000033,0.7183785803128019,-0.07013305677720513,-0.4331006815436801
42.10000000000033,0.6994990059398531,-0.09540486322732969,-0.512325450287471
42.20000000000033,0.6717449531472699,-0.12240059667055707,-0.5918432548141885
42.30000000000033,0.6347629295965563,-0.1500521433934347,-0.670868928544129
42.40000000000033,0.5882725128832981,-0.17711742863465668,-0.7484698190707804
42.500000000000334,0.5320848288414878,-0.20220285365906956,-0.823557619788799
42.600000000000335,0.4661223838346977,-0.2238004235500629,-0.8948850788671228
42.70000000000034,0.39043972428638546,-0.24034171922452627,-0.9610492779593727
42.80000000000034,0.3052441958095794,-0.25027004200538755,-1.0205032885122551
42.90000000000034,0.2109158594832764,-0.2521307241254596,-1.0715780006639721
43.00000000000034,0.10802540934077692,-0.2446777120394968,-1.112515724292763
43.10000000000034,-0.002651255595789284,-0.2269921235203757,-1.1415167306295808
43.200000000000344,-0.12012329211143485,-0.1986056933336962,-1.1567991935814537
43.300000000000345,-0.24318155285237597,-0.15961912861948258,-1.156671983512896
43.40000000000035,-0.37040309637517455,-0.11080280950048324,-1.1396184814125814
43.50000000000035,-0.5001648574662955,-0.05366552990242271,-1.10438808800977
43.60000000000035,-0.6306674016468505,0.009523325773595423,-1.05009053035579
43.70000000000035,-0.7599691498552253,0.07577108465845689,-0.976286607169603
43.80000000000035,-0.8860307657741442,0.14146744494285413,-0.8830678994236393
43.900000000000354,-1.0067685909455126,0.2025609785621043,-0.7711174565356835
44.000000000000355,-1.1201151600029882,0.2548006686471783,-0.6417437764312937
44.10000000000036,-1.2240840205586387,0.29402744738236486,-0.49688167555868096
44.20000000000036,-1.3168354224047303,0.31649194537834074,-0.3390559089656231
44.30000000000036,-1.3967390293682342,0.31916800269082213,-0.17130650315879858
44.40000000000036,-1.4624297253875815,0.30002843590599565,0.0029216109149963476
44.50000000000036,-1.5128528788235538,0.25825113405556693,0.1799183837885971
44.600000000000364,-1.547296091808499,0.19433000025761143,0.3558683288280187
44.700000000000365,-1.5654054380114781,0.11007584836101016,0.5270182774058876
44.80000000000037,-1.5671853789210357,0.008505514512745588,0.6898404005468637
44.90000000000037,-1.5529828099816476,-0.10636900307604606,0.8411781817110678
45.00000000000037,-1.5234568776435091,-0.2298278640308291,0.9783649214125415
45.10000000000037,-1.4795371938379287,-0.3567756733129681,1.0993073566659006
45.20000000000037,-1.4223737566487151,-0.4820840672963319,1.2025306274802963
45.300000000000374,-1.3532822132376479,-0.6009116797709892,1.2871845909407926
45.400000000000375,-1.273688072577742,-0.7089744733739868,1.3530148742758779
45.50000000000038,-1.1850731358466242,-0.802748070553697,1.4003046893120825
45.60000000000038,-1.0889268388214912,-0.8795934352673589,1.4297950831372426
45.70000000000038,-0.9867044872691766,-0.9378064668034795,1.442591928935331
45.80000000000038,-0.8797936075908731,-0.9765995722464201,1.4400676720960803
45.90000000000038,-0.7694889127382877,-0.9960284029962183,1.423764848558982
46.000000000000384,-0.6569757586590179,-0.9968795119306912,1.395306942505455
46.100000000000385,-0.5433214761335564,-0.9805349691605486,1.356320505513343
46.20000000000039,-0.4294736207219847,-0.9488284897818066,1.3083708377611996
46.30000000000039,-0.3162639846543512,-0.903905007548909,1.2529120938709897
46.40000000000039,-0.20441714060361338,-0.848092481621377,1.1912515175134357
46.50000000000039,-0.09456231258971252,-0.7837915483963172,1.1245266678879493
46.60000000000039,0.01275253450480314,-0.713385777918326,1.053693970153678
46.700000000000394,0.1170453551847336,-0.6391729656676951,0.9795266630547619
46.800000000000395,0.21788424101824877,-0.5633161595334242,0.9026201765378727
46.9000000000004,0.31487184059503354,-0.48781196890292294,0.8234030917759797
47.0000000000004,0.40763047514624184,-0.41447305043103344,0.742152060906717
47.1000000000004,0.4957883118224649,-0.3449214081903126,0.6590093474361097
47.2000000000004,0.5789668502200701,-0.28058917522151516,0.5740019543171335
47.3000000000004,0.6567698982165002,-0.22272376041137876,0.48706160901549156
47.400000000000404,0.7287741602911072,-0.172394569512377,0.39804515612838026
47.500000000000405,0.7945215336360563,-0.13049888448512817,0.30675515799693215
47.600000000000406,0.8535132020112164,-0.09776487563399155,0.21296071677303047
47.70000000000041,0.905205631475823,-0.07475011064316156,0.11641870490238397
47.80000000000041,0.9490086025166549,-0.06183431528815741,0.016895723291652148
47.90000000000041,0.984285456042883,-0.05920554836797301,-0.08580880470231718
48.00000000000041,1.0103557821267828,-0.06683940587522266,-0.19183795395067932
48.10000000000041,1.0265008354166736,-0.08447140267001489,-0.30125059634302953
48.200000000000415,1.031972013953202,-0.1115633347433203,-0.4139923185956591
48.300000000000416,1.0260027813469512,-0.1472652418391113,-0.5298637555766389
48.40000000000042,1.007824436744896,-0.1903756009146932,-0.6484863858766257
48.50000000000042,0.9766861314011999,-0.23930359871463378,-0.7692661990701135
48.60000000000042,0.9318794814118819,-0.29203873554563275,-0.8913561356606475
48.70000000000042,0.8727680177490171,-0.3461345278806757,-1.0136188313790062
48.80000000000042,0.7988215305050004,-0.39871455535751726,-1.134591964984832
48.900000000000425,0.7096550881506172,-0.446510292603824,-1.252459389450436
49.000000000000426,0.6050721317928706,-0.4859407227010327,-1.3650321653606614
49.10000000000043,0.48511055319296487,-0.5132431851757642,-1.4697445155579527
49.20000000000043,0.35009007013388505,-0.5246627332522198,-1.56367043425603
49.30000000000043,0.20065853803824715,-0.5167029361496227,-1.6435670123780473
49.40000000000043,0.037834130663173565,-0.48643417878254963,-1.7059502407833733
49.50000000000043,-0.13696033869049126,-0.43184603342910616,-1.7472078641030397
49.600000000000435,-0.3218751960232347,-0.35221871387763604,-1.7637515499756116
49.700000000000436,-0.5146282606386747,-0.24847624307669403,-1.7522070807117907
49.80000000000044,-0.7125200683644145,-0.12347290334036179,-1.7096365195526784
49.90000000000044,-0.9124735359570262,0.017842324191965964,-1.633780670767578
50.00000000000044,-1.111100293443651,0.16843807628052018,-1.523304281156832
50.10000000000044,-1.304793938878925,0.31943368801335464,-1.3780212710463284
50.20000000000044,-1.4898479755446203,0.46057477259227286,-1.1990739966323198
50.300000000000445,-1.6625934049459552,0.5809403223486028,-0.9890402966814279
50.400000000000446,-1.8195482162382972,0.6698313360887356,-0.7519457408379359
50.50000000000045,-1.9575687555824262,0.717752662336923,-0.4931663480783383
50.60000000000045,-2.0739916029504157,0.7173707898211663,-0.21921851567593387
50.70000000000045,-2.1667544680759927,0.6643188897084654,0.06255347584196896
50.80000000000045,-2.2344859058283153,0.5577316988232439,0.34436841856799316
50.90000000000045,-2.2765562739263765,0.4004269818403618,0.6184425249768045
51.000000000000455,-2.293085997698862,0.1987017450059138,0.8774256570583532
51.100000000000456,-2.2849113570806003,-0.038230132774011466,1.1147974727313992
51.20000000000046,-2.25351206324319,-0.2990788589943394,1.325187177925934
51.30000000000046,-2.2009082665374566,-0.5714809906058529,1.5045912070424543
51.40000000000046,-2.12953689675081,-0.8430310641809959,1.6504767020836546
51.50000000000046,-2.042118163152174,-1.1022195386787912,1.7617726403244678
51.60000000000046,-1.9415226573815074,-1.3391819328681445,1.8387625702820087
51.700000000000465,-1.830648034505421,-1.5462030280944232,1.8829015106094236
51.800000000000466,-1.7123120565163685,-1.717961057510958,1.896583901814852
51.90000000000047,-1.5891662728119758,-1.8515322585365128,1.8828897193336063
52.00000000000047,-1.4636321538268309,-1.9462011678129403,1.845332774122954
52.10000000000047,-1.3378593680495585,-2.0031349223722046,1.7876300175052056
52.20000000000047,-1.213704267124393,-2.024981630050621,1.7135045518071743
52.30000000000047,-1.092725576751727,-2.015446326643215,1.6265290623257302
52.400000000000475,-0.9761937528337197,-1.9788865222631757,1.5300112513364026
52.500000000000476,-0.865110365314536,-1.9199560075947988,1.4269189550248118
52.60000000000048,-0.7602341016413212,-1.8433128597339115,1.3198400514820583
52.70000000000048,-0.6621104201555466,-1.753396963272245,1.2109709060968743
52.80000000000048,-0.5711024272261199,-1.6542745100990615,1.102126715164344
52.90000000000048,-0.48742111915425357,-1.549541887844261,0.9947674227215135
53.00000000000048,-0.4111536640491241,-1.442278740184042,0.8900336351956056
53.100000000000485,-0.34228886585119694,-1.3350392247790461,0.7887879225951552
53.200000000000486,-0.28073933667500023,-1.2298710194657771,0.6916579086861262
53.30000000000049,-0.22636020221940242,-1.1283529137861816,0.5990785059513702
53.40000000000049,-0.17896438436614515,-1.0316434611384242,0.5113314811676488
53.50000000000049,-0.13833465623506902,-0.9405348663078461,0.4285812170586459
53.60000000000049,-0.10423276073446712,-0.8555078603046058,0.3509060623625775
53.70000000000049,-0.07640593680398132,-0.776784670475472,0.27832504967283983
53.800000000000495,-0.05459121961714804,-0.7043782908394378,0.21082002832112234
53.900000000000496,-0.03851788169280353,-0.6381370971806088,0.14835343184414168
54.0000000000005,-0.02790836886903677,-0.5777844580364078,0.09088199912396328
54.1000000000005,-0.02247806421672243,-0.5229534014365755,0.038366815650269455
54.2000000000005,-0.021934188308614544,-0.47321664594830004,-0.009219946153095251
54.3000000000005,-0.025974118482642406,-0.4281124293131628,-0.05189121702687323
54.4000000000005,-0.034283384364189824,-0.3871666007161928,-0.08964379951557193
54.500000000000504,-0.04653357257664093,-0.34991141076422094,-0.12245938420746122
54.600000000000506,-0.06238035025804434,-0.31590135931729657,-0.1503075004937522
54.70000000000051,-0.08146179425719996,-0.28472636430488796,-0.17315010023001523
54.80000000000051,-0.10339718998470185,-0.2560224103583588,-0.19094747623672279
54.90000000000051,-0.12778644001868317,-0.2294797378301318,-0.2036652132311506
55.00000000000051,-0.15421019692214638,-0.20484855180905792,-0.21128185786125284
55.10000000000051,-0.18223080668995373,-0.18194217637688023,-0.21379697943518503
55.200000000000514,-0.21139411844773648,-0.16063755872525504,-0.21123927700442652
55.300000000000516,-0.24123218246604053,-0.14087304543743362,-0.203674375569323
55.40000000000052,-0.27126682264055074,-0.12264341068735653,-0.1912119485248021
55.50000000000052,-0.30101403217577755,-0.10599221112951149,-0.17401180914638253
55.60000000000052,-0.32998910357751865,-0.09100166865668691,-0.15228863450336277
55.70000000000052,-0.3577123678623926,-0.07778042979278064,-0.12631502327968194
55.80000000000052,-0.38371538505061137,-0.06644970551707302,-0.0964226458028512
55.900000000000524,-0.4075474005590005,-0.057128441484121245,-0.06300131963479848
56.000000000000526,-0.4287818620306776,-0.04991828857074249,-0.02649593497392791
56.10000000000053,-0.44702278014105823,-0.04488922098360755,0.01259874342971614
56.20000000000053,-0.4619107162677717,-0.04206667029456111,0.053745263085451425
56.30000000000053,-0.47312819024345587,-0.041421000161254495,0.09637241803916627
56.40000000000053,-0.48040432262394855,-0.04286003601486163,0.13988559215539373
56.50000000000053,-0.48351855710827985,-0.04622519177083417,0.18367809258122134
56.600000000000534,-0.4823033482874275,-0.051291513854690475,0.2271429975892252
56.700000000000536,-0.47664574546954247,-0.057771709711174304,0.2696850142089404
56.80000000000054,-0.46648785215129357,-0.06532396562639789,0.3107318429792616
56.90000000000054,-0.4518261897590449,-0.0735631106480375,0.3497445797083288
57.00000000000054,-0.4327100405688082,-0.08207447169193569,0.3862267446291958
57.10000000000054,-0.40923888550141513,-0.09042960755924356,0.41973161279512083
57.20000000000054,-0.3815590855430074,-0.09820301845412892,0.4498676192165133
57.300000000000544,-0.34985997928079227,-0.10498890735632907,0.47630172032573087
57.400000000000546,-0.3143695826369064,-0.11041711756224777,0.4987607018729693
57.50000000000055,-0.2753500802551541,-0.11416747760121983,0.517030524876701
57.60000000000055,-0.23309329177038432,-0.1159819363135014,0.5309538895648594
57.70000000000055,-0.1879162815692304,-0.11567404995089554,0.5404262678199149
57.80000000000055,-0.14015725924959377,-0.11313557176042706,0.5453907048718252
57.90000000000055,-0.09017189165417275,-0.10834007587909966,0.5458317201833798
58.000000000000554,-0.038330117995080286,-0.1013437075279986,0.5417686466950837
58.100000000000556,0.01498647099718732,-0.09228328026381966,0.5332487392941688
58.20000000000056,0.06938665920590169,-0.08137203245407644,0.5203403609756077
58.30000000000056,0.1244710344865787,-0.06889340731502319,0.5031265226343776
58.40000000000056,0.17983284534578292,-0.055193235486761576,0.48169901384058017
58.50000000000056,0.2350583321695643,-0.040670680705006894,0.4561533211295552
58.60000000000056,0.2897266001749555,-0.02576826405573595,0.42658449059844494
58.700000000000564,0.3434091181296228,-0.01096121801558206,0.39308405555319004
58.800000000000566,0.39566894103467276,0.00325365422330217,0.35573811941903427
58.90000000000057,0.44605976690341487,0.0163695181606296,0.31462666011956586
59.00000000000057,0.49412494808709423,0.027881426347738394,0.2698241048563862
59.10000000000057,0.5393965868974616,0.03729866227767494,0.22140121315269873
59.20000000000057,0.5813948540909607,0.04415760688919014,0.1694282999451576
59.30000000000057,0.619627677511392,0.048035253766831904,0.11397982757618569
59.400000000000574,0.6535909570365367,0.04856350108576983,0.05514039332287088
59.500000000000576,0.682769470870272,0.045444317695428775,-0.006987865393830818
59.60000000000058,0.7066386467602619,0.038465811726364145,-0.07227643627991193
59.70000000000058,0.7246673790937035,0.027519116984734325,-0.1405601762471535
59.80000000000058,0.7363220777508994,0.012615849823592944,-0.21162567716761532
59.90000000000058,0.7410721352694214,-0.006094326934733775,-0.28519834991795573
60.00000000000058,0.7383969929071235,-0.0283067675589107,-0.3609284011976589
60.100000000000584,0.7277949706206813,-0.05354659193252233,-0.43837598418126694
60.200000000000585,0.7087939972822164,-0.08115654094863371,-0.5169959429531275
60.30000000000059,0.6809643317001332,-0.11028974588767196,-0.596122743580684
60.40000000000059,0.6439332980638639,-0.13990959045720505,-0.6749563901815978
60.50000000000059,0.5974019673676245,-0.16879915087525996,-0.7525503563366951
60.60000000000059,0.5411635960284618,-0.19558287131104393,-0.8278028081911437
60.70000000000059,0.4751234826881334,-0.2187630811761323,-0.8994526349060955
60.800000000000594,0.39931972498452234,-0.2367735858648549,-0.9660820045367189
60.900000000000595,0.3139441544399383,-0.2480517595438137,-1.0261272885617498
61.0000000000006,0.21936250886774877,-0.25112924873599013,-1.077900196678062
61.1000000000006,0.11613268293937595,-0.2447395110918058,-1.1196207797542443
61.2000000000006,0.0050197001832723714,-0.2279379905759638,-1.1494635381038378
61.3000000000006,-0.11299409883260128,-0.2002279016153765,-1.1656171697120274
61.4000000000006,-0.23670522494555937,-0.1616816298346852,-1.1663574868952882
61.500000000000604,-0.3646930910210079,-0.11304507229679436,-1.150131735893016
61.600000000000605,-0.4953332770996687,-0.05581038006000857,-1.1156510395455341
61.70000000000061,-0.6268209808114404,0.007757858355046214,-1.0619860771875331
61.80000000000061,-0.7572050867274522,0.07465637162705055,-0.98865960857056
61.90000000000061,-0.8844325905016616,0.1412463041411577,-0.895728279141029
62.00000000000061,-1.006402296110755,0.20342866072617882,-0.7838455711298844
62.10000000000061,-1.12102583552369,0.25688670355220355,-0.6542980228911102
62.200000000000614,-1.2262932311975714,0.2973804821154571,-0.5090080838265725
62.300000000000615,-1.3203395378273455,0.32106964420285433,-0.3504992297454086
62.40000000000062,-1.4015086643343784,0.32483369671101986,-0.18182209228165472
62.50000000000062,-1.4684103746032828,0.30655552946571357,-0.006444040471768747
62.60000000000062,-1.519966743976887,0.2653353750208988,0.17189156571896413
62.70000000000062,-1.5554450067372636,0.20160873820470337,0.3493268832012667
62.80000000000062,-1.57447471242539,0.11715250181008896,0.5220598854102241
62.900000000000624,-1.5770483118173952,0.014976802676790246,0.6865104111630214
63.000000000000625,-1.5635055789147356,-0.10088582227503577,0.839469356679302
63.10000000000063,-1.5345034939541493,-0.22567042306769122,0.9782202861684266
63.20000000000063,-1.4909742273394595,-0.3542168116308891,1.1006257660135337
63.30000000000063,-1.434074572642211,-0.48131853156873516,1.205174439364038
63.40000000000063,-1.3651305234986757,-0.6020498471811548,1.2909887115155525
63.50000000000063,-1.285580671707274,-0.712042894307906,1.3577963999642564
63.600000000000634,-1.1969217663606124,-0.8076959227598315,1.405872419418465
63.700000000000635,-1.1006591948088091,-0.8863034973020184,1.435958291345042
63.80000000000064,-0.9982644215544583,-0.9461089849765469,1.4491679388271572
63.90000000000064,-0.8911406476675334,-0.986287396353681,1.4468879547770108
64.00000000000064,-0.7805972152330916,-1.0068719525414827,1.430679526770954
64.10000000000063,-0.6678326416939204,-1.0086404402237177,1.4021877284439195
64.20000000000063,-0.5539256660118732,-0.9929777503474194,1.3630622089957083
64.30000000000062,-0.4398333369981965,-0.9617295065017334,1.314891654117187
64.40000000000062,-0.32639496915217503,-0.9170590239663133,1.2591529188288018
64.50000000000061,-0.21434071437689,-0.8613166253593186,1.1971745448215696
64.6000000000006,-0.10430352270071036,-0.7969270884319081,1.1301135115556928
64.7000000000006,0.003166637307603637,-0.7262980785309359,1.0589435244240102
64.8000000000006,0.10758728504502124,-0.651750030977191,0.9844528762372429
64.90000000000059,0.20852748398862725,-0.5754661740933514,0.9072498750361075
65.00000000000058,0.30559210388355773,-0.4994602023833412,0.8277739519643883
65.10000000000058,0.3984067906876122,-0.4255584419577393,0.7463107914324577
65.20000000000057,0.48660401157237676,-0.35539308892759064,0.6630101143131891
65.30000000000057,0.569810433273007,-0.29040313380903604,0.5779050561725273
65.40000000000056,0.6476358103599427,-0.23183980964255063,0.49093238972193715
65.50000000000055,0.7196635053076287,-0.1807737366327301,0.40195312609986006
65.60000000000055,0.7854427328552402,-0.13810132239679937,0.3107732827270837
65.70000000000054,0.8444826145195587,-0.10454837752690155,0.21716482083139244
65.80000000000054,0.8962481421562991,-0.08066930460319022,0.12088693072626323
65.90000000000053,0.94015817878024,-0.06684061598867899,0.02170797606093297
66.00000000000053,0.9755856667495645,-0.0632479470963415,-0.08057150244925347
66.10000000000052,1.001860263766386,-0.06986618423097092,-0.18609428158660157
66.20000000000051,1.0182736811347755,-0.08643285482016315,-0.29492001854563193
66.30000000000051,1.0240880505270002,-0.11241557270099023,-0.406996528222713
66.4000000000005,1.0185476879176785,-0.14697513140135607,-0.5221285736026298
66.5000000000005,1.0008946473581097,-0.18892682532503546,-0.6399442132308313
66.60000000000049,0.9703884518165152,-0.23670376504717966,-0.7598591047341471
66.70000000000049,0.926330340186087,-0.28832731801798267,-0.8810396437000001
66.80000000000048,0.8680922636583174,-0.34139127776119255,-1.00236643272555
66.90000000000047,0.795150684813674,-0.39306779849120205,-1.1224003236518063
67.00000000000047,0.7071249633891062,-0.44014429051450765,-1.2393541338898835
67.10000000000046,0.6038197413012557,-0.4791010113687536,-1.351074051893197
67.20000000000046,0.48527026061230066,-0.5062385623899196,-1.4550356232529529
67.30000000000045,0.3517889679722681,-0.5178623947157966,-1.548359905089679
67.40000000000045,0.2040111012891463,-0.5105272337739328,-1.6278556992466329
67.50000000000044,0.04293626552766697,-0.48133767491034674,-1.6900934892265331
67.60000000000043,-0.13003764178446908,-0.42829203271768806,-1.7315155598770204
67.70000000000043,-0.31309229721447185,-0.3506453258227267,-1.7485845490488756
67.80000000000042,-0.5039829865860898,-0.24925526313827606,-1.737969238294493
67.90000000000042,-0.7000530173914457,-0.12686431309481455,-1.6967617826775894
68.00000000000041,-0.8982720252143331,0.011735843409817898,-1.6227151114573268
68.1000000000004,-1.0953003936063361,0.15971085205507884,-1.5144835141148973
68.2000000000004,-1.2875800981506718,0.3084044583638781,-1.3718443743902689
68.3000000000004,-1.4714498640805485,0.4477954661865793,-1.195875749814047
68.40000000000039,-1.64327981249868,0.5671813591773093,-0.9890641464931222
68.50000000000038,-1.799618095942012,0.656041311106302,-0.755320269974303
68.60000000000038,-1.9373397975997781,0.7049939652275711,-0.49988803203035653
68.70000000000037,-2.053787004438461,0.7067367578955652,-0.22914314304842942
68.80000000000037,-2.1468887968748955,0.6568416547727721,0.04970916887784471
68.90000000000036,-2.215251094363071,0.5542921252750485,0.32901448852308096
69.00000000000036,-2.258208799570782,0.4016783852461574,0.6010938023781633
69.10000000000035,-2.2758361983367243,0.20501724468956686,0.8586720305607425
69.20000000000034,-2.268915610073085,-0.02678040445411023,1.095269438274204
69.30000000000034,-2.2388682563949107,-0.28271912325043735,1.3055200674717051
69.40000000000033,-2.187654657331733,-0.5506928834174255,1.4853914562716164
69.50000000000033,-2.117654140102261,-0.8184952882539558,1.6322929984743655
69.60000000000032,-2.0315340300695417,-1.0747452267269573,1.7450739423750938
69.70000000000032,-1.9321187947899783,-1.3096332944229485,1.8239239825045817
69.80000000000031,-1.8222680401395377,-1.5154317269976327,1.8701980170723735
69.9000000000003,-1.7047701559655488,-1.6867505554846525,1.8861911477310453
70.0000000000003,-1.5822559700196133,-1.820557670362412,1.8748904720732864
70.10000000000029,-1.4571343567325565,-1.91600556761209,1.8397274167559268
70.20000000000029,-1.3315496419528803,-1.9741209224404157,1.7843494027091698
70.30000000000028,-1.2073590175967046,-1.9974156283882545,1.7124237119445438
70.40000000000028,-1.0861270954032856,-1.9894721093831236,1.6274805599416577
70.50000000000027,-0.969134163528347,-1.954544806056159,1.5327972939438552
70.60000000000026,-0.8573945821409718,-1.897206841759526,1.4313217333436266
70.70000000000026,-0.7516819543354523,-1.8220583939094193,1.3256300539843784
70.80000000000025,-0.65255812190116,-1.7335027637078402,1.2179131952088609
70.90000000000025,-0.5604035594251248,-1.6355882598016136,1.1099853166163214
71.00000000000024,-0.47544729364516286,-1.5319088616560432,1.0033080840992334
71.10000000000024,-0.3977950005914713,-1.4255538739414,0.89902526310054
71.20000000000023,-0.32745439573302904,-1.3190958952111753,0.7980030224478111
71.30000000000022,-0.26435741519112615,-1.214606833419342,0.700872339254563
71.40000000000022,-0.2083789856284812,-1.113692895290115,0.6080708325766981
71.50000000000021,-0.159352402023056,-1.0175410483594571,0.5198821754724845
71.60000000000021,-0.11708148651835332,-0.9269711111733259,0.4364719123540515
71.7000000000002,-0.08134980030909332,-0.8424891810325825,0.35791903657479374
71.8000000000002,-0.05192723657364613,-0.764339456361439,0.28424307323179593
71.90000000000019,-0.028574347201038842,-0.6925526099056667,0.21542668364284756
72.00000000000018,-0.011044759164385218,-0.6269897174217034,0.15143398347376602
72.10000000000018,0.0009139743728398524,-0.5673813656768609,0.09222486842325678
72.20000000000017,0.007560761874307942,-0.5133619861710624,0.037765689992263034
72.30000000000017,0.009162296338497331,-0.4644997230573462,-0.011963363542062483
72.40000000000016,0.005995032957307002,-0.42032227990082316,-0.05696383519012427
72.50000000000016,-0.0016524359519817329,-0.38033923101501677,-0.09721719090840195
72.60000000000015,-0.013476844693266658,-0.34406125546102195,-0.13268533241822983
72.70000000000014,-0.029157772391340115,-0.3110166773768153,-0.16331314857110138
72.80000000000014,-0.048355412109521066,-0.28076559347874086,-0.18903283543375538
72.90000000000013,-0.07070876810532935,-0.25291175290644136,-0.20976971892821597
73.00000000000013,-0.09583443829622089,-0.22711223957965102,-0.22544930784564113
73.10000000000012,-0.12332611696190787,-0.2030849048766976,-0.23600529017589952
73.20000000000012,-0.15275492787918005,-0.18061341936326636,-0.24138816400029456
73.30000000000011,-0.18367066980958813,-0.15954976563546616,-0.24157416879544477
73.4000000000001,-0.2156040242167538,-0.13981398727374547,-0.23657415787562916
73.5000000000001,-0.2480697393817782,-0.1213910459538101,-0.22644203244562983
73.6000000000001,-0.28057076630384886,-0.10432472098244215,-0.2112823471839803
73.70000000000009,-0.31260328102270396,-0.088708609773788,-0.19125670108121504
73.80000000000008,-0.3436624868738285,-0.07467444623626039,-0.16658854939153656
73.90000000000008,-0.37324905069371056,-0.06237813419418165,-0.13756611579206873
74.00000000000007,-0.4008759914221959,-0.05198407821555163,-0.10454314927470174
74.10000000000007,-0.4260758102964978,-0.04364856511813906,-0.06793735696305617
74.20000000000006,-0.4484076311782044,-0.03750308560446364,-0.028226448748396672
74.30000000000005,-0.4674641094354413,-0.0336385679774304,0.014058153029518149
74.40000000000005,-0.48287786958031836,-0.03209150970380836,0.058339762956016526
74.50000000000004,-0.4943272461399595,-0.032832928974427716,0.10400674564475101
74.60000000000004,-0.5015411287357183,-0.035760916574414575,0.15042429016903824
74.70000000000003,-0.5043027498515412,-0.040697356253134406,0.1969471573568154
74.80000000000003,-0.5024523002095138,-0.04738911559260905,0.242932853720804
74.90000000000002,-0.49588830923714433,-0.055513712012993356,0.28775466139614175
75.00000000000001,-0.4845677835137743,-0.06468915697691985,0.33081396466413737
75.10000000000001,-0.46850515082300936,-0.07448740341091811,0.3715513595884662
75.2,-0.44777010811528045,-0.08445059200103465,0.40945611009490696
75.3,-0.4224845152939479,-0.09410913087701507,0.44407361502468684
75.39999999999999,-0.3928185109116579,-0.10300056202174186,0.4750106679735666
75.49999999999999,-0.3589860490396455,-0.11068816944789514,0.5019384158486214
75.59999999999998,-0.321240068075926,-0.11677836304994804,0.5245930438214946
75.69999999999997,-0.2798675022853744,-0.12093601500672853,0.542774325450295
75.79999999999997,-0.23518433638661634,-0.1228971144081342,0.5563422705478178
75.89999999999996,-0.18753088410084068,-0.12247831949324595,0.5652121753673968
75.99999999999996,-0.13726744524974913,-0.11958320454092017,0.5693484276310933
76.09999999999995,-0.08477046492231538,-0.11420520126390538,0.568757442825087
76.19999999999995,-0.030429284601513763,-0.10642740759020708,0.5634801099377529
76.29999999999994,0.025356459052546895,-0.09641956983380046,0.5535841077890262
76.39999999999993,0.0821787651479264,-0.08443263235713906,0.5391564216132549
76.49999999999993,0.13962253730519586,-0.07079129147507193,0.5202963483502626
76.59999999999992,0.19726622571177904,-0.055884990982668956,0.4971092328579681
76.69999999999992,0.25468190176674743,-0.04015776159264981,0.469701130240205
76.79999999999991,0.31143484465275384,-0.024097243794714156,0.438174545238307
76.8999999999999,0.367082735790245,-0.008223152044533808,0.4026253608529672
76.9999999999999,0.4211745708238507,0.006924653380959831,0.36314103680114723
77.0999999999999,0.47324941022911493,0.020798413697858145,0.3198001349042371
77.19999999999989,0.5228350995442325,0.03285505209899707,0.2726732130104184
77.29999999999988,0.56944709934608,0.0425691757288275,0.2218251207435221
77.39999999999988,0.6125875740298798,0.049446642730624775,0.16731872769108203
77.49999999999987,0.6517448976781582,0.05303886825883258,0.10922011538654722
77.59999999999987,0.6863937450398881,0.052958042845150884,0.04760526577558707
77.69999999999986,0.7159959457972007,0.048893399067609505,-0.01743172264998292
77.79999999999986,0.7400022904026429,0.040628581601070524,-0.08576886825231642
77.89999999999985,0.7578554848909527,0.02806004467823156,-0.15724498627970457
77.99999999999984,0.7689944587328186,0.011216213262717802,-0.2316468492174588
78.09999999999984,0.7728602319195073,-0.00972310541851355,-0.3086949200272269
78.19999999999983,0.7689035422944752,-0.034407887275552024,-0.388027837779587
78.29999999999983,0.7565944182400913,-0.06230083628866642,-0.46918595561516613
78.39999999999982,0.7354338510936178,-0.09266373689400076,-0.5515943892769981
78.49999999999982,0.704967671500029,-0.12454929342813006,-0.6345462328706746
78.59999999999981,0.6648026594577481,-0.15680097415446703,-0.7171868356281373
78.6999999999998,0.6146248144302916,-0.1880637410262354,-0.7985003023906085
78.7999999999998,0.5542195758153197,-0.21680875233435273,-0.8772996667902697
78.89999999999979,0.4834936133187435,-0.24137506813895837,-0.9522224654360867
78.99999999999979,0.40249760237917365,-0.26003094572826346,-1.0217336780111057
79.09999999999978,0.31144916704371955,-0.2710563586238378,-1.0841381440482665
79.19999999999978,0.21075492262368672,-0.2728468009907908,-1.1376045632021268
79.29999999999977,0.1010303009521785,-0.26403619379819565,-1.1802029660002524
79.39999999999976,-0.016884382464314562,-0.24363382487467175,-1.2099570410380969
79.49999999999976,-0.1419133250785077,-0.21116690083121145,-1.224911869839349
79.59999999999975,-0.2727418718376653,-0.16681680147218284,-1.2232164282175713
79.69999999999975,-0.40782209390037083,-0.11153402361082818,-1.203218685673932
79.79999999999974,-0.5453887777366572,-0.04711475060553434,-1.1635693584739668
79.89999999999974,-0.6834868536114584,0.02377827239809023,-1.1033285084488458
79.99999999999973,-0.8200106524456473,0.09766566582525595,-1.0220674628698925
80.09999999999972,-0.9527545583259597,0.1703821526389174,-0.9199572512465095
80.19999999999972,-1.0794736733598023,0.2372901477315581,-0.7978342204856221
80.29999999999971,-1.1979521171530105,0.29356804243084555,-0.657233969697932
80.39999999999971,-1.3060756561132068,0.3345538613630213,-0.5003864041726371
80.4999999999997,-1.4019046225080332,0.3561146338462,-0.3301675418148846
80.5999999999997,-1.4837426587059968,0.3550043409360437,-0.1500075053439598
80.69999999999969,-1.5501968000935247,0.32917048831417145,0.036241516159766646
80.79999999999968,-1.600224835263048,0.2779723487467405,0.22446922631954253
80.89999999999968,-1.6331667377030492,0.20228279308670355,0.4104913269446637
80.99999999999967,-1.6487581689128008,0.10445926091890785,0.5902395750413574
81.09999999999967,-1.6471254736568615,-0.011814355823531075,0.7599428222867528
81.19999999999966,-1.6287630553575383,-0.1417970927548843,0.9162850768533662
81.29999999999966,-1.5944953590790378,-0.280040594097651,1.0565292583559776
81.39999999999965,-1.5454267500917094,-0.4207800071567453,1.17859914520989
81.49999999999964,-1.4828832533082823,-0.5583249193420506,1.281116443587075
81.59999999999964,-1.4083503688003742,-0.6874129371053413,1.3633942928297762
81.69999999999963,-1.3234110182946173,-0.8034968853942496,1.4253922908231207
81.79999999999963,-1.229687175514453,-0.9029476862260258,1.467640867483395
81.89999999999962,-1.1287879917067642,-0.9831666696059645,1.4911443606476362
81.99999999999962,-1.0222663620893102,-1.0426115563285752,1.4972724713598282
82.09999999999961,-0.9115849989025718,-1.080748366565384,1.4876490773672364
82.1999999999996,-0.7980922719229586,-1.0979464581912621,1.464045950144978
82.2999999999996,-0.6830074095747289,-1.095335810010596,1.4282870725203145
82.3999999999996,-0.5674141555821004,-1.0746450177749125,1.3821672893417973
82.49999999999959,-0.452261653551721,-1.0380359947314712,1.3273871806877737
82.59999999999958,-0.3383711709223326,-0.9879478505509263,1.2655044861834184
82.69999999999958,-0.22644724737026267,-0.9269585648733968,1.1979012129413913
82.79999999999957,-0.1170919279159253,-0.8576694098085633,1.125764745943163
82.89999999999957,-0.010820883962268796,-0.7826139526357395,1.0500808184909234
82.99999999999956,0.09191959410066984,-0.7041910513819325,0.9716360334072496
83.09999999999955,0.1907355562459288,-0.6246195681070879,0.891027682649882
83.19999999999955,0.28526894110025475,-0.5459114998765993,0.8086788239142393
83.29999999999954,0.37518218266911396,-0.4698597465769612,0.7248568756765572
83.39999999999954,0.4601442040632344,-0.39803666167703255,0.6396943370417463
83.49999999999953,0.539818015822109,-0.3317997366980341,0.5532105886905647
83.59999999999953,0.61385005578288,-0.2723011424122702,0.4653340610683095
83.69999999999952,0.6818613554616269,-0.22049830553399616,0.37592435042915273
83.79999999999951,0.7434405917024738,-0.17716318159952454,0.28479411444916397
83.89999999999951,0.7981390783418033,-0.14288836008176145,0.19173078365358698
83.9999999999995,0.8454677669406001,-0.11808859454939102,0.09651828225666914
84.0999999999995,0.8848963541977029,-0.10299679351531241,-0.001040937696913491
84.19999999999949,0.915854632231298,-0.09765395383749291,-0.10110318236957345
84.29999999999949,0.9377362619497498,-0.10189299435531074,-0.20375974322545135
84.39999999999948,0.9499051941234872,-0.11531698420134553,-0.30901172828375956
84.49999999999947,0.9517050015820396,-0.13727289007406887,-0.41674326514419235
84.59999999999947,0.9424714121297905,-0.16682271719303948,-0.5266930200481366
84.69999999999946,0.9215483368578506,-0.20271480522802962,-0.638424237327634
84.79999999999946,0.8883076625858219,-0.24335905707717537,-0.7512938580632922
84.89999999999945,0.8421730088672966,-0.28681098492016566,-0.8644217333034925
84.99999999999945,0.7826475270989122,-0.3307705662813713,-0.976661505996518
85.09999999999944,0.7093456296354346,-0.3726028621479796,-1.0865753839931716
85.19999999999943,0.6220282700439992,-0.40938793524854317,-1.1924157313950146
85.29999999999943,0.5206410455647774,-0.43800751991003195,-1.2921171073715556
85.39999999999942,0.4053539608167401,-0.4552747760797356,-1.3833029871235736
85.49999999999942,0.27660119054841226,-0.4581109314252355,-1.4633117790361692
85.59999999999941,0.13511863707891655,-0.44376835685453575,-1.5292467416912143
85.6999999999994,-0.01802345764405011,-0.4100934831503633,-1.578053819953218
85.7999999999994,-0.18139604661592243,-0.35581511406119476,-1.6066300817445296
85.8999999999994,-0.35319845962388086,-0.2808347494508966,-1.6119632134853579
85.99999999999939,-0.5312607708667413,-0.18648669403532525,-1.5912993894052274
86.09999999999938,-0.7130645674586693,-0.07572875670815715,-1.542332893523173
86.19999999999938,-0.8957845685974765,0.046778590878057025,-1.4634064765426584
86.29999999999937,-1.0763522994803196,0.17474344511127307,-1.3537071345739924
86.39999999999937,-1.2515413257642058,0.300491823482671,-1.2134385600218622
86.49999999999936,-1.4180715157616248,0.4154035731302431,-1.0439497916951856
86.59999999999935,-1.572727620779469,0.5105172941671416,-0.8478003658486606
86.69999999999935,-1.7124854271252976,0.5772577022523713,-0.6287460464786624
86.79999999999934,-1.834637154087891,0.6082121320353955,-0.3916360105628982
86.89999999999934,-1.9369069526411582,0.5978645854928739,-0.14222158400956783
86.99999999999933,-2.0175475212493943,0.5431911707091044,0.11311294310910394
87.09999999999933,-2.0754100807316767,0.44403282694547835,0.36767689512006496
87.19999999999932,-2.109982148890238,0.3031891310013367,0.6148288509976734
87.29999999999932,-2.121390464882891,0.12621611536215652,0.8483288712811827
87.39999999999931,-2.110369640381296,-0.07904611992615007,1.0626551729025233
87.4999999999993,-2.078200210177234,-0.30315219083294576,1.2532578817011197
87.5999999999993,-2.0266223006857342,-0.5358469112670546,1.4167307915507958
87.69999999999929,-1.9577328217553014,-0.7668782927429805,1.5508923595130724
87.79999999999929,-1.8738747661277575,-0.9867361377740145,1.6547776837514336
87.89999999999928,-1.7775268942700393,-1.1872450285295488,1.728552308068656
87.99999999999928,-1.6712009589522379,-1.361969088488135,1.7733652041676664
88.09999999999927,-1.5573519475850386,-1.5064160449067228,1.7911616612848569
88.19999999999926,-1.4383048881312925,-1.618054454079591,1.7844771466279061
88.29999999999926,-1.316199851224659,-1.696176959933715,1.7562310523250166
88.39999999999925,-1.1929551001828713,-1.7416528090519459,1.7095354450552294
88.49999999999925,-1.0702470248804148,-1.7566150982867244,1.6475293647658593
88.59999999999924,-0.94950459810864,-1.744124189719823,1.5732446457250948
88.69999999999924,-0.8319156013702159,-1.707840726175174,1.4895052126928425
88.79999999999923,-0.7184417231078699,-1.6517319822901606,1.3988586555677553
88.89999999999922,-0.6098397545420803,-1.579825701015962,1.3035367128094555
88.99999999999922,-0.5066864094880923,-1.496017291021215,1.205440043118225
89.09999999999921,-0.40940469506732763,-1.4039298987081423,1.1061421844004076
89.1999999999992,-0.31829019525916075,-1.3068225452550928,1.006907694639867
89.2999999999992,-0.23353605140564143,-1.2075390419032364,0.9087199456437581
89.3999999999992,-0.1552558026218456,-1.108489404841087,0.8123147273514102
89.49999999999919,-0.08350356843109107,-1.0116555725176872,0.7182165842475873
89.59999999999918,-0.01829131062022142,-0.9186139971311296,0.6267755525054854
89.69999999999918,0.040396896393836805,-0.830568819800146,0.5382026382253735
89.79999999999917,0.09259352059683812,-0.7483906082233606,0.45260294326683276
89.89999999999917,0.13833899627544907,-0.672656876905471,0.37000579601677036
89.99999999999916,0.1776757063920842,-0.6036917287394151,0.29039158384954494
90.09999999999916,0.2106442864514227,-0.5416029074062455,0.2137152237061387
90.19999999999915,0.2372820052311116,-0.48631532084932094,0.13992636246393597
90.29999999999914,0.25762298203900164,-0.43760069574795035,0.06898648573078939
90.39999999999914,0.2717000106886282,-0.39510347080609115,0.0008831476800690158
90.49999999999913,0.27954777271001857,-0.35836335568615624,-0.06435847080359257
90.59999999999913,0.28120723310677515,-0.3268351944764829,-0.12666650130875637
90.69999999999912,0.2767310188793108,-0.2999068960473894,-0.18591570050676953
90.79999999999912,0.26618958205601334,-0.27691624221470723,-0.24192307167403584
90.89999999999911,0.249677944368613,-0.25716736724396877,-0.2944457913584913
90.9999999999991,0.22732280994303916,-0.23994762381513882,-0.34318149257694985
91.0999999999991,0.19928981610662136,-0.22454541330425792,-0.38777099892948413
91.1999999999991,0.16579067197435562,-0.21026936329355428,-0.42780362854496234
91.29999999999909,0.12708991189314195,-0.19646898482955394,-0.4628251868322498
91.39999999999908,0.08351096878234468,-0.18255664167693375,-0.4923487372151735
91.49999999999908,0.03544125420887189,-0.16803032481608882,-0.515868175105089
91.59999999999907,-0.016664078543408123,-0.15249636636587172,-0.5328745298741868
91.69999999999906,-0.07228001105087964,-0.13569087534206542,-0.5428747827866981
91.79999999999906,-0.1308114818167599,-0.11749836923235689,-0.5454128195590162
91.89999999999905,-0.19159542359371232,-0.09796585331037318,-0.5400919426485251
91.99999999999905,-0.25390522772887103,-0.07731051021435092,-0.5265981635312799
92.09999999999904,-0.316957766191171,-0.05591924929973474,-0.504723296890241
92.19999999999904,-0.37992299852175865,-0.03433866220421371,-0.47438670852393267
92.29999999999903,-0.44193606839345445,-0.01325445288877411,-0.43565445092562655
92.39999999999903,-0.5021116585461806,0.006539854438319639,-0.3887544786810273
92.49999999999902,-0.5595602318729432,0.02418422129870747,-0.33408669045723904
92.59999999999901,-0.6134056507490314,0.03880170913657707,-0.2722267087927335
92.69999999999901,-0.6628035480012273,0.04955371175283324,-0.20392258621433285
92.799999999999,-0.7069597330365804,0.05569726865407143,-0.13008400668763298
92.899999999999,-0.7451478662200118,0.056640336618039785,-0.051764011605382326
92.99999999999899,-0.7767256316157966,0.051990679641912105,0.02986621669227192
93.09999999999899,-0.8011486868245409,0.041594255988780825,0.11354847907261335
93.19999999999898,-0.817981768239438,0.02555964815828782,0.1979731067182805
93.29999999999897,-0.8269064749343104,0.004266147946141378,0.28181709617067147
93.39999999999897,-0.8277254341879577,-0.021645534220637832,0.36378278561663124
93.49999999999896,-0.8203627522433568,-0.05129947257220312,0.44263497715095085
93.59999999999896,-0.8048608590261905,-0.08362572425653228,0.5172345304995961
93.69999999999895,-0.7813740486159741,-0.11741336110335404,0.5865667307263338
93.79999999999895,-0.7501591832470934,-0.15137128030796543,0.6497631353626554
93.89999999999894,-0.7115641556775508,-0.1841922851231786,0.7061160919014811
93.99999999999893,-0.6660147853913249,-0.21461593661624592,0.755085634686893
94.09999999999893,-0.6140008556333135,-0.24148611533542336,0.7962989710114099
94.19999999999892,-0.5560619827617989,-0.26380000971067163,0.8295432060982891
94.29999999999892,-0.49277395289622183,-0.2807462454574292,0.8547523029967847
94.39999999999891,-0.4247360722881839,-0.2917309544378687,0.8719895072593525
94.4999999999989,-0.35255996778922427,-0.29639162761286025,0.8814265826173947
94.5999999999989,-0.2768601530548355,-0.29459950365860105,0.883321210223796
94.6999999999989,-0.19824655469799568,-0.28645194405618557,0.8779938174664925
94.79999999999889,-0.11731907880475763,-0.2722567039211516,0.8658049459523077
94.89999999999888,-0.03466419820256997,-0.2525102248411783,0.8471340674592329
94.99999999999888,0.04914654154678906,-0.22787207633204432,0.8223605361288445
95.09999999999887,0.13355626266823742,-0.1991374976903017,0.7918471464693986
95.19999999999887,0.21802095175488898,-0.16720969132304567,0.7559265668676286
95.29999999999886,0.3020063491578392,-0.1330731416000207,0.7148907491607283
95.39999999999885,0.3849837808549057,-0.09776882408080972,0.6689832833393313
95.49999999999885,0.4664251845394248,-0.06237176413185351,0.6183945752581556
95.59999999999884,0.5457975765402034,-0.02797102706723658,0.5632596735286877
95.69999999999884,0.6225571974414689,0.0043481098634340215,0.5036585563222356
95.79999999999883,0.6961435652363931,0.03352033185765446,0.43961870484025717
95.89999999999883,0.7659736584391794,0.05851555826185065,0.3711198321010969
95.99999999999882,0.8314364502445999,0.07835423003568723,0.29810069749155793
96.09999999999881,0.8918880204915085,0.09212364479974171,0.22046801316799736
96.19999999999881,0.946647486243568,0.09899642978995636,0.13810753166596074
96.2999999999988,0.9949940150397563,0.09825224184645776,0.050897488419422585
96.3999999999988,1.0361652174080678,0.0893037118996781,-0.04127534908196269
96.49999999999879,1.0693572563828535,0.07172749109212224,-0.138496710849622
96.59999999999879,1.0937270597977997,0.04530098021196523,-0.24080258111108227
96.69999999999878,1.108397073000716,0.01004489885086799,-0.3481533334636846
96.79999999999878,1.1124630406162273,-0.0337287655754381,-0.4604039554903692
96.89999999999877,1.1050053491988179,-0.08536473982685427,-0.5772702113906826
96.99999999999876,1.0851044886129755,-0.14381081331623588,-0.6982908307715907
97.09999999999876,1.0518611863067553,-0.20756640840018198,-0.8227861797301176
97.19999999999875,1.004421719680588,-0.2746389298413672,-0.9498143922788613
97.29999999999875,0.9420087988609737,-0.3425153628573771,-1.0781266357957
97.39999999999874,0.8639582145559827,-0.4081585510140648,-1.206124059955548
97.49999999999874,0.7697611420843979,-0.4680393177472305,-1.3318200171137509
97.59999999999873,0.6591115645850489,-0.5182166758760464,-1.452812288985511
97.69999999999872,0.531957714551919,-0.5544782259550273,-1.566271203976492
97.79999999999872,0.38855573541703964,-0.5725507855223673,-1.6689505117912729
97.89999999999871,0.2295229571177462,-0.5683865949583585,-1.7572284566008254
97.9999999999987,0.055887313472770234,-0.538522522091979,-1.8271863530985855
98.0999999999987,-0.13087140792104276,-0.4804983248183877,-1.8747307817275511
98.1999999999987,-0.3287934755912555,-0.3933056988786132,-1.895762961630277
98.29999999999869,-0.5354296470904418,-0.27782398899828603,-1.8863947220644504
98.39999999999868,-0.7478553709660355,-0.1371836931417563,-1.843204784526829
98.49999999999868,-0.9627132327570473,0.023011061720046133,-1.763522133414954
98.59999999999867,-1.1762865781087228,0.19467077293519855,-1.6457158568064372
98.69999999999867,-1.3846049118589967,0.3674771806707783,-1.489464169597106
98.79999999999866,-1.5835786612849359,0.5294387768730288,-1.295970883943433
98.89999999999866,-1.7691574827914396,0.6677346536244315,-1.0680969037519958
98.99999999999865,-1.9375029166383526,0.7697862905139146,-0.8103785822755392
99.09999999999864,-2.085163389723845,0.8244474144541063,-0.5289144125067221
99.19999999999864,-2.209237878168284,0.8231645029691348,-0.23111582851882817
99.29999999999863,-2.307514405980912,0.7609458053764908,0.0746650105472022
99.39999999999863,-2.3785711826186793,0.63699184176999,0.3796005510673635
99.49999999999862,-2.4218314730776873,0.45488525644452493,0.6749026371733174
99.59999999999862,-2.4375678333687243,0.2223049058625505,0.9523354475521019
99.69999999999861,-2.426856466247891,-0.049695782624253254,1.204675324073876
99.7999999999986,-2.391487376823031,-0.3477391798347347,1.4260740504681237
99.8999999999986,-2.3338400062479168,-0.6573508604473353,1.6122960793047136
99.9999999999986,-2.256736566202227,-0.9641978960387447,1.7608174669651495
